icc_2k,icc_3k,cronbach_alpha,cv,sd,range,mean,n_attempts,agent_id,agent_name
0.9930334159877199,0.9740116727232684,0.9929845422116528,2.758778225306574,0.09671578835844886,0.2068965517241379,3.505747126436782,6,0000,Gabriela Johnson
