section_id,mean_icc_2k,mean_icc_3k,mean_cronbach_alpha,mean_cv,mean_sd,n_scores
BES-A,0.3746634523238046,0.6058462987101131,0.09375,4.246483955934637,1.6002198874958768,6
BFI-10,0.8494179113544271,0.6342007836418211,0.8046875,13.565146035939533,0.46682105220933984,30
REI,0.46842761827785356,0.6575641516218607,0.23958333333333334,4.146024452426908,1.5277823700867617,6
