agent_id,agent_name,icc_2k,icc_3k,cronbach_alpha,cv,sd,range,mean,n_scores,n_attempts
0000,Gabriela Johnson,0.6876464876401908,0.5750364549219199,0.5491071428571429,12.451757718525226,0.8268849127981577,1.7857142857142858,13.107142857142858,7,4
0001,Juan Rodriguez,0.798391427730447,0.7491590584231621,0.6919642857142857,7.368157411350301,0.5430708190407025,1.1428571428571428,13.535714285714286,7,4
0002,Tyrell Jenkins,0.6665384994236699,0.5441808445711477,0.5848214285714286,12.835247456211478,1.0859785470966494,2.2857142857142856,13.142857142857142,7,4
0003,Molly O'Connor,0.7661862575971378,0.6603924310544488,0.6852678571428571,10.469583695011682,0.6734902570180692,1.4285714285714286,13.232142857142858,7,4
0004,Hannah Zimmerman,0.7099000028637555,0.6311183570915905,0.5982142857142857,11.481729114828763,0.8240758841890675,1.7857142857142858,13.428571428571429,7,4
0005,Katherine Taylor,0.7343492910651952,0.6410394555443701,0.625,10.723443393837583,0.7283060243967864,1.5714285714285714,13.035714285714286,7,4
