section_id,mean_icc_2k,mean_icc_3k,mean_cronbach_alpha,mean_cv,mean_sd,n_questions
BES-A,0.7483434895846884,0.5310581406423798,0.623015873015873,22.693265666249793,0.6673600526188632,9
BFI-10,0.7441111538440994,0.4753258813795435,0.6178571428571427,29.53937553640094,0.6970580247841237,10
REI,0.9009877550905919,0.7595752281856575,0.8749999999999998,8.834605273483575,0.305314729526128,10
