section_id,mean_icc_2k,mean_icc_3k,mean_cronbach_alpha,mean_cv,mean_sd,n_questions
BES-A,0.7948869669658569,0.6098007920987937,0.6956018518518519,18.0049688824449,0.5440497684026324,54
BFI-10,0.7860149829912472,0.5561637923161299,0.6770833333333334,20.970964076349578,0.5664603792084807,60
REI,0.8483644295924999,0.6892426145579239,0.7729166666666667,12.424932547181337,0.4020371450119973,60
