icc_2k,icc_3k,cronbach_alpha,cv,sd,range,mean,n_attempts,agent_id,section_id
0.975609756097561,0.922077922077922,0.975,4.628641331029573,0.18257418583505536,0.44444444444444464,3.9444444444444446,6,0000,BES-A
0.9663586398502144,0.8712733995840074,0.9651875,6.857674546656287,0.21544527534078503,0.6000000000000001,3.141666666666667,6,0000,BFI-10
0.9598656188133661,0.8617482951022939,0.9581875,6.794658390283508,0.23611437906235191,0.6000000000000001,3.475,6,0000,REI
